student_id,course_id
S0001,137
S0001,127
S0001,108
S0002,114
S0002,104
S0002,130
S0002,113
S0002,118
S0003,101
S0003,103
S0003,110
S0003,127
S0003,117
S0004,123
S0004,140
S0005,109
S0005,101
S0005,122
S0005,119
S0006,111
S0006,137
S0006,134
S0006,131
S0006,136
S0007,140
S0008,105
S0008,119
S0009,117
S0009,139
S0009,135
S0009,118
S0010,120
S0010,125
S0010,101
S0010,119
S0011,138
S0011,116
S0012,107
S0012,131
S0012,136
S0012,117
S0013,112
S0013,106
S0013,117
S0013,128
S0014,130
S0015,132
S0015,122
S0016,104
S0016,118
S0016,123
S0016,110
S0016,140
S0017,128
S0017,129
S0018,140
S0018,133
S0018,134
S0018,130
S0019,135
S0019,134
S0019,130
S0019,131
S0019,122
S0020,118
S0020,122
S0020,133
S0021,129
S0021,119
S0021,105
S0022,118
S0022,101
S0023,140
S0024,138
S0024,114
S0025,101
S0025,122
S0025,139
S0025,128
S0026,130
S0026,122
S0027,138
S0028,117
S0028,125
S0029,134
S0029,139
S0030,108
S0031,118
S0031,134
S0032,119
S0032,131
S0032,139
S0033,128
S0033,123
S0034,108
S0034,105
S0034,124
S0034,127
S0035,126
S0035,109
S0035,116
S0035,104
S0035,130
S0036,127
S0037,140
S0037,117
S0037,134
S0038,121
S0039,107
S0039,125
S0040,109
S0041,129
S0041,141
S0042,116
S0042,104
S0042,114
S0043,112
S0043,132
S0043,105
S0043,135
S0044,141
S0044,111
S0044,119
S0044,120
S0045,123
S0045,127
S0045,113
S0045,105
S0046,109
S0047,114
S0048,101
S0048,132
S0048,135
S0048,112
S0048,136
S0049,135
S0049,104
S0049,126
S0049,127
S0050,121
S0051,123
S0051,140
S0051,133
S0052,133
S0052,126
S0052,125
S0053,123
S0053,128
S0054,119
S0054,106
S0054,134
S0055,111
S0056,134
S0056,112
S0056,122
S0056,109
S0056,105
S0057,134
S0057,135
S0058,128
S0058,138
S0058,103
S0058,121
S0059,118
S0059,125
S0059,138
S0059,139
S0059,134
S0060,112
S0060,135
S0060,133
S0061,135
S0061,119
S0062,103
S0062,122
S0062,110
S0062,116
S0063,115
S0064,140
S0064,135
S0065,130
S0065,106
S0065,111
S0065,114
S0065,102
S0066,128
S0066,125
S0067,128
S0067,119
S0067,109
S0067,129
S0067,131
S0068,125
S0068,109
S0068,128
S0068,135
S0068,122
S0069,131
S0069,110
S0070,130
S0070,125
S0070,102
S0070,116
S0070,110
S0071,133
S0072,129
S0072,136
S0072,115
S0072,118
S0073,106
S0073,101
S0073,127
S0073,112
S0074,115
S0074,118
S0074,141
S0074,123
S0074,124
S0075,116
S0075,122
S0075,128
S0075,112
S0076,109
S0076,129
S0077,103
S0077,104
S0077,117
S0077,122
S0078,122
S0078,134
S0079,138
S0079,131
S0079,114
S0080,109
S0081,115
S0081,141
S0081,109
S0081,111
S0082,123
S0082,129
S0082,102
S0082,120
S0082,111
S0083,103
S0083,110
S0083,122
S0084,122
S0084,119
S0084,127
S0085,139
S0085,115
S0085,138
S0085,129
S0085,130
S0086,119
S0087,107
S0088,131
S0088,136
S0088,135
S0088,105
S0089,138
S0089,127
S0089,141
S0090,126
S0090,130
S0090,115
S0091,126
S0091,122
S0091,125
S0091,139
S0091,101
S0092,118
S0092,133
S0092,117
S0093,132
S0093,115
S0093,114
S0093,112
S0094,140
S0094,105
S0095,119
S0095,135
S0096,122
S0096,123
S0096,135
S0096,130
S0096,129
S0097,101
S0098,111
S0098,116
S0098,140
S0098,117
S0099,138
S0099,118
S0099,111
S0100,118
S0100,103
S0100,132
S0100,127
S0101,141
S0102,139
S0102,121
S0102,114
S0102,104
S0102,106
S0103,104
S0103,115
S0104,137
S0104,133
S0105,108
S0106,133
S0106,132
S0107,125
S0108,135
S0108,115
S0109,123
S0109,128
S0110,140
S0110,104
S0110,121
S0110,136
S0110,105
S0111,135
S0112,108
S0113,114
S0113,130
S0113,118
S0114,121
S0114,126
S0115,102
S0115,109
S0115,141
S0115,129
S0116,111
S0116,133
S0116,130
S0116,105
S0117,125
S0117,124
S0117,139
S0118,140
S0118,124
S0118,130
S0118,138
S0119,123
S0119,132
S0119,122
S0120,122
S0120,140
S0120,137
S0120,124
S0120,102
S0121,121
S0121,116
S0121,141
S0122,109
S0122,137
S0122,141
S0122,106
S0123,108
S0123,120
S0123,133
S0123,124
S0124,105
S0124,136
S0124,115
S0125,123
S0125,111
S0125,121
S0125,109
S0125,124
S0126,104
S0126,130
S0127,133
S0127,111
S0127,105
S0127,126
S0127,121
S0128,105
S0129,141
S0129,112
S0129,106
S0129,120
S0129,124
S0130,119
S0130,121
S0130,110
S0130,104
S0131,103
S0131,109
S0132,141
S0132,125
S0132,140
S0132,117
S0133,113
S0133,102
S0133,133
S0133,136
S0134,120
S0134,104
S0135,124
S0135,116
S0136,106
S0136,111
S0137,119
S0137,101
S0137,112
S0138,113
S0138,128
S0138,115
S0138,119
S0138,102
S0139,117
S0139,106
S0139,112
S0139,136
S0139,103
S0140,111
S0140,123
S0140,131
S0141,121
S0141,138
S0141,137
S0141,104
S0141,102
S0142,131
S0142,139
S0142,117
S0143,109
S0144,110
S0144,121
S0145,127
S0145,101
S0145,106
S0146,139
S0146,106
S0146,108
S0146,114
S0146,120
S0147,117
S0147,133
S0148,131
S0148,105
S0148,113
S0149,139
S0149,140
S0150,112
S0150,130
S0150,128
S0150,135
S0151,106
S0151,112
S0151,132
S0151,116
S0152,109
S0152,108
S0152,110
S0153,111
S0154,106
S0154,114
S0154,133
S0154,115
S0154,103
S0155,119
S0156,120
S0156,136
S0156,103
S0156,111
S0156,140
S0157,139
S0157,104
S0157,136
S0157,135
S0157,134
S0158,138
S0159,127
S0159,120
S0159,124
S0159,111
S0160,108
S0160,137
S0161,137
S0162,103
S0162,133
S0162,110
S0162,105
S0162,114
S0163,121
S0163,126
S0164,114
S0164,107
S0164,129
S0164,110
S0164,115
S0165,141
S0165,126
S0165,132
S0165,104
S0166,105
S0166,131
S0166,106
S0167,114
S0168,137
S0168,106
S0168,140
S0168,108
S0168,133
S0169,119
S0169,103
S0169,121
S0169,102
S0170,116
S0171,111
S0171,102
S0172,118
S0172,117
S0173,124
S0173,128
S0173,102
S0173,132
S0173,105
S0174,134
S0174,131
S0174,126
S0175,104
S0175,132
S0175,130
S0176,110
S0176,123
S0176,130
S0177,115
S0177,105
S0178,114
S0178,108
S0178,126
S0178,102
S0179,132
S0179,133
S0180,106
S0181,121
S0182,102
S0182,113
S0182,137
S0182,140
S0183,114
S0183,104
S0183,128
S0183,126
S0184,102
S0184,101
S0184,123
S0184,139
S0185,118
S0185,126
S0185,139
S0185,116
S0185,109
S0186,114
S0186,130
S0187,102
S0188,107
S0188,121
S0188,134
S0188,101
S0189,138
S0190,105
S0190,118
S0190,104
S0190,136
S0191,113
S0191,116
S0191,112
S0191,114
S0192,114
S0192,102
S0192,126
S0193,135
S0193,132
S0193,119
S0194,135
S0194,134
S0194,136
S0195,140
S0195,111
S0196,130
S0196,122
S0197,101
S0197,137
S0197,132
S0197,112
S0197,110
S0198,121
S0198,135
S0198,110
S0198,124
S0198,136
S0199,118
S0199,123
S0199,121
S0200,114
S0201,108
S0201,137
S0201,127
S0201,102
S0201,114
S0202,134
S0202,111
S0202,116
S0203,132
S0203,135
S0203,136
S0203,114
S0204,132
S0204,113
S0204,126
S0204,137
S0204,141
S0205,110
S0205,116
S0206,102
S0206,103
S0206,117
S0206,116
S0206,127
S0207,129
S0207,124
S0207,134
S0208,127
S0208,118
S0208,134
S0209,131
S0209,118
S0209,107
S0209,126
S0210,132
S0210,106
S0211,103
S0211,126
S0212,107
S0212,130
S0213,123
S0213,111
S0213,137
S0214,131
S0214,126
S0214,103
S0214,108
S0215,123
S0215,133
S0215,120
S0216,133
S0217,108
S0218,117
S0218,106
S0218,124
S0219,112
S0219,135
S0219,108
S0219,120
S0220,125
S0220,105
S0221,127
S0222,125
S0222,108
S0222,107
S0222,120
S0222,102
S0223,125
S0223,105
S0224,134
S0225,111
S0225,126
S0225,102
S0225,122
S0225,141
S0226,125
S0226,123
S0226,117
S0227,126
S0227,133
S0228,125
S0228,133
S0229,115
S0229,132
S0229,129
S0230,118
S0231,113
S0232,118
S0232,141
S0232,121
S0233,122
S0233,137
S0233,123
S0234,128
S0234,102
S0234,101
S0234,115
S0235,106
S0236,139
S0237,109
S0237,110
S0237,132
S0237,115
S0238,125
S0238,138
S0238,131
S0238,118
S0238,109
S0239,129
S0240,125
S0240,134
S0241,135
S0241,124
S0242,138
S0243,141
S0243,129
S0243,102
S0244,113
S0244,117
S0244,102
S0244,139
S0244,137
S0245,127
S0246,103
S0246,135
S0246,108
S0247,113
S0248,117
S0248,102
S0248,116
S0248,118
S0249,141
S0249,117
S0249,136
S0249,118
S0249,113
S0250,130
S0250,103
S0250,101
S0250,127
S0251,132
S0251,137
S0252,137
S0252,122
S0252,108
S0253,112
S0253,139
S0253,123
S0254,119
S0254,140
S0254,125
S0255,137
S0255,122
S0255,119
S0255,109
S0256,131
S0257,128
S0257,109
S0257,131
S0258,111
S0258,133
S0258,101
S0259,108
S0260,105
S0260,129
S0260,114
S0260,118
S0261,130
S0261,138
S0261,119
S0262,138
S0262,112
S0262,115
S0263,108
S0263,127
S0263,114
S0264,115
S0264,111
S0264,128
S0264,118
S0264,133
S0265,132
S0265,106
S0265,103
S0265,104
S0265,129
S0266,130
S0267,107
S0267,109
S0267,140
S0267,119
S0267,141
S0268,129
S0268,126
S0268,105
S0269,103
S0269,118
S0270,120
S0270,136
S0270,119
S0270,106
S0270,112
S0271,121
S0271,123
S0272,135
S0272,113
S0273,131
S0273,111
S0274,131
S0274,123
S0274,126
S0274,132
S0274,137
S0275,108
S0275,114
S0275,104
S0275,109
S0275,127
S0276,125
S0276,118
S0276,141
S0277,131
S0277,107
S0277,106
S0277,122
S0278,136
S0278,109
S0278,105
S0278,134
S0278,130
S0279,134
S0280,118
S0280,105
S0280,101
S0280,132
S0280,137
S0281,108
S0282,108
S0282,105
S0282,120
S0282,126
S0283,117
S0283,125
S0283,106
S0284,138
S0285,116
S0285,104
S0285,137
S0285,130
S0285,124
S0286,112
S0286,120
S0286,132
S0287,134
S0287,135
S0288,112
S0288,116
S0288,132
S0289,119
S0289,136
S0289,132
S0289,130
S0290,104
S0291,136
S0291,108
S0291,141
S0291,110
S0292,116
S0292,112
S0292,122
S0293,111
S0294,136
S0295,136
S0296,111
S0296,126
S0297,137
S0297,138
S0297,104
S0297,140
S0298,126
S0298,127
S0298,102
S0298,110
S0299,128
S0299,124
S0299,114
S0299,136
S0299,137
S0300,130
S0300,105
S0300,127
S0301,126
S0301,134
S0301,109
S0302,101
S0303,113
S0304,101
S0304,138
S0304,102
S0304,129
S0305,116
S0306,134
S0306,104
S0306,141
S0306,133
S0307,128
S0307,138
S0307,115
S0307,111
S0308,132
S0309,137
S0310,116
S0310,118
S0310,133
S0310,139
S0310,110
S0311,132
S0311,120
S0311,135
S0311,129
S0312,112
S0312,140
S0312,127
S0312,123
S0313,131
S0314,118
S0314,122
S0314,126
S0315,129
S0315,109
S0315,128
S0316,126
S0316,124
S0316,118
S0316,106
S0317,133
S0317,111
S0317,107
S0317,129
S0317,138
S0318,132
S0318,131
S0318,137
S0319,101
S0319,103
S0319,113
S0320,122
S0320,109
S0320,110
S0321,112
S0322,112
S0322,126
S0322,140
S0322,115
S0323,114
S0324,125
S0324,117
S0325,111
S0325,124
S0325,129
S0326,116
S0326,101
S0327,103
S0327,130
S0327,117
S0327,125
S0327,115
S0328,106
S0328,128
S0328,133
S0329,110
S0329,118
S0329,130
S0330,131
S0330,124
S0330,108
S0330,109
S0331,136
S0331,113
S0331,131
S0332,138
S0332,102
S0332,104
S0332,123
S0332,114
S0333,127
S0333,139
S0333,114
S0333,113
S0334,132
S0334,128
S0335,114
S0335,117
S0336,110
S0336,135
S0337,126
S0337,111
S0337,134
S0338,130
S0338,109
S0339,132
S0339,112
S0340,122
S0340,138
S0341,107
S0341,103
S0342,115
S0342,131
S0343,101
S0344,138
S0344,120
S0344,110
S0344,114
S0344,117
S0345,114
S0346,101
S0346,118
S0346,113
S0346,115
S0347,108
S0347,141
S0348,133
S0348,114
S0348,135
S0348,118
S0348,124
S0349,141
S0349,106
S0349,109
S0349,124
S0350,136
S0350,141
S0350,101
S0350,118
S0351,115
S0351,129
S0351,107
S0351,138
S0352,141
S0352,124
S0352,108
S0352,131
S0352,127
S0353,125
S0353,135
S0353,102
S0353,141
S0353,119
S0354,123
S0354,120
S0354,110
S0355,124
S0356,135
S0356,115
S0356,130
S0356,140
S0357,128
S0357,119
S0358,121
S0359,110
S0359,141
S0360,113
S0360,139
S0360,128
S0360,134
S0361,124
S0361,140
S0361,114
S0361,117
S0361,109
S0362,136
S0362,114
S0362,141
S0362,137
S0362,103
S0363,139
S0363,130
S0364,139
S0364,130
S0364,134
S0364,114
S0364,106
S0365,102
S0365,116
S0365,111
S0366,139
S0367,124
S0367,138
S0367,127
S0367,123
S0367,106
S0368,109
S0369,101
S0369,126
S0369,128
S0370,134
S0370,126
S0370,141
S0370,103
S0371,130
S0371,115
S0371,120
S0371,132
S0372,131
S0372,106
S0372,120
S0372,137
S0373,135
S0373,128
S0373,116
S0373,110
S0373,136
S0374,123
S0374,140
S0374,106
S0374,101
S0374,115
S0375,122
S0375,112
S0375,120
S0375,110
S0375,131
S0376,111
S0376,110
S0376,107
S0376,121
S0377,137
S0377,126
S0377,116
S0378,119
S0378,114
S0378,137
S0378,127
S0379,139
S0379,117
S0380,122
S0380,139
S0380,119
S0380,101
S0380,113
S0381,137
S0381,123
S0381,121
S0381,119
S0381,127
S0382,128
S0382,124
S0382,113
S0383,131
S0384,133
S0385,114
S0385,103
S0385,104
S0385,110
S0386,102
S0387,130
S0387,114
S0388,125
S0388,115
S0388,111
S0388,123
S0389,130
S0389,114
S0389,112
S0389,111
S0390,119
S0390,133
S0391,118
S0391,137
S0391,114
S0391,139
S0392,128
S0393,101
S0393,107
S0393,138
S0393,108
S0394,139
S0395,120
S0396,134
S0396,128
S0396,126
S0396,102
S0396,129
S0397,110
S0397,127
S0398,120
S0398,129
S0398,136
S0399,141
S0399,113
S0399,131
S0399,133
S0399,123
S0400,124
S0400,141
S0400,118
S0400,106
S0400,131
S0401,104
S0401,140
S0401,102
S0401,139
S0402,132
S0402,107
S0403,119
S0403,124
S0403,141
S0403,136
S0404,101
S0405,123
S0405,132
S0405,116
S0406,127
S0406,128
S0406,137
S0407,117
S0407,132
S0407,114
S0408,135
S0408,129
S0409,104
S0409,121
S0409,109
S0409,133
S0409,137
S0410,122
S0411,128
S0411,123
S0411,106
S0411,136
S0412,129
S0412,135
S0413,129
S0413,106
S0413,138
S0414,135
S0414,133
S0414,116
S0414,129
S0414,118
S0415,117
S0415,123
S0416,139
S0417,133
S0417,121
S0417,140
S0417,114
S0418,103
S0418,126
S0418,111
S0418,121
S0418,104
S0419,116
S0419,103
S0420,137
S0420,138
S0420,125
S0420,118
S0420,126
S0421,141
S0421,111
S0421,117
S0421,115
S0421,120
S0422,123
S0422,117
S0423,126
S0423,139
S0423,122
S0423,112
S0423,108
S0424,107
S0424,123
S0425,103
S0425,116
S0425,133
S0425,129
S0426,101
S0427,135
S0427,103
S0427,114
S0427,122
S0427,120
S0428,140
S0428,119
S0428,125
S0428,128
S0429,120
S0430,104
S0430,114
S0430,131
S0430,126
S0430,117
S0431,118
S0431,130
S0431,128
S0431,138
S0432,106
S0433,106
S0433,112
S0433,108
S0433,122
S0434,116
S0435,126
S0435,121
S0435,123
S0435,136
S0435,127
S0436,105
S0436,141
S0436,137
S0436,103
S0436,120
S0437,121
S0438,139
S0438,115
S0438,114
S0438,124
S0438,109
S0439,127
S0439,126
S0439,101
S0439,107
S0439,115
S0440,121
S0440,101
S0440,102
S0440,111
S0440,138
S0441,131
S0441,113
S0441,134
S0442,107
S0443,105
S0444,119
S0444,123
S0445,107
S0445,135
S0445,106
S0445,124
S0446,104
S0446,125
S0446,106
S0446,139
S0446,119
S0447,137
S0447,138
S0447,108
S0447,113
S0447,126
S0448,103
S0448,123
S0448,122
S0449,137
S0450,138
S0451,137
S0451,127
S0452,129
S0452,106
S0452,133
S0452,128
S0452,132
S0453,131
S0454,135
S0455,120
S0456,110
S0456,139
S0456,114
S0456,111
S0456,136
S0457,102
S0457,132
S0457,107
S0458,128
S0458,106
S0458,110
S0458,138
S0458,115
S0459,109
S0459,105
S0460,118
S0460,137
S0461,111
S0461,109
S0461,103
S0462,117
S0462,103
S0462,104
S0462,114
S0462,131
S0463,131
S0464,124
S0464,134
S0464,136
S0464,123
S0465,110
S0465,129
S0465,117
S0465,135
S0466,125
S0467,107
S0467,105
S0467,112
S0467,127
S0468,103
S0468,115
S0469,125
S0470,124
S0470,105
S0470,128
S0470,121
S0470,132
S0471,111
S0472,108
S0473,128
S0473,104
S0473,105
S0473,135
S0473,106
S0474,109
S0475,140
S0475,139
S0476,113
S0476,104
S0477,121
S0477,123
S0478,133
S0478,132
S0478,138
S0478,109
S0478,104
S0479,110
S0479,115
S0479,108
S0479,119
S0480,139
S0480,128
S0480,136
S0481,139
S0481,107
S0481,102
S0481,138
S0481,125
S0482,137
S0483,136
S0483,104
S0483,119
S0483,123
S0484,123
S0485,106
S0485,105
S0486,104
S0486,114
S0487,101
S0487,134
S0487,108
S0487,126
S0488,107
S0488,136
S0488,101
S0489,117
S0489,127
S0489,103
S0490,105
S0490,140
S0490,132
S0490,107
S0490,117
S0491,136
S0492,118
S0492,128
S0493,121
S0493,117
S0493,118
S0493,137
S0493,123
S0494,126
S0495,138
S0496,133
S0496,103
S0496,127
S0497,130
S0497,117
S0498,126
S0498,128
S0498,139
S0499,115
S0499,140
S0499,141
S0499,135
S0499,123
S0500,103
S0500,132
S0500,117
S0500,110
S0500,139
S0501,106
S0501,120
S0501,110
S0502,102
S0502,119
S0502,140
S0502,123
S0502,130
S0503,128
S0503,112
S0503,121
S0503,113
S0504,119
S0504,130
S0504,126
S0504,125
S0504,139
S0505,139
S0506,113
S0506,103
S0506,107
S0507,119
S0507,132
S0507,109
S0507,134
S0508,108
S0508,131
S0508,119
S0508,125
S0509,121
S0509,138
S0509,101
S0509,109
S0509,125
S0510,139
S0510,129
S0511,106
S0511,108
S0511,125
S0511,109
S0512,126
S0512,128
S0512,101
S0512,113
S0512,120
S0513,134
S0513,109
S0513,118
S0513,126
S0513,136
S0514,141
S0514,127
S0514,131
S0514,103
S0514,108
S0515,124
S0515,125
S0515,111
S0515,132
S0516,119
S0516,103
S0516,111
S0516,105
S0517,132
S0517,109
S0517,114
S0518,110
S0519,110
S0519,118
S0519,112
S0520,122
S0520,110
S0521,125
S0521,103
S0521,101
S0522,121
S0522,134
S0522,140
S0522,120
S0522,139
S0523,105
S0523,129
S0523,112
S0523,107
S0524,104
S0524,122
S0524,110
S0525,141
S0526,115
S0526,122
S0526,113
S0527,113
S0528,133
S0529,124
S0529,127
S0529,102
S0530,140
S0530,115
S0530,119
S0531,116
S0531,110
S0532,108
S0532,101
S0533,106
S0533,110
S0533,138
S0533,118
S0533,117
S0534,107
S0534,118
S0535,118
S0536,135
S0537,133
S0537,115
S0537,117
S0537,113
S0538,131
S0538,138
S0538,135
S0538,110
S0539,103
S0539,110
S0539,107
S0540,128
S0541,110
S0541,115
S0541,106
S0541,114
S0541,132
S0542,137
S0542,134
S0542,106
S0542,133
S0542,107
S0543,103
S0544,125
S0544,110
S0544,120
S0544,111
S0544,127
S0545,130
S0545,134
S0545,140
S0546,114
S0546,122
S0546,124
S0546,133
S0547,129
S0547,119
S0547,123
S0547,109
S0548,114
S0548,120
S0548,133
S0548,134
S0549,110
S0549,113
S0549,132
S0549,141
S0549,121
S0550,119
S0550,112
S0550,109
S0551,113
S0551,121
S0551,108
S0552,130
S0553,136
S0553,112
S0553,102
S0553,122
S0553,103
S0554,117
S0554,122
S0555,115
S0555,136
S0555,134
S0556,133
S0556,131
S0557,101
S0557,117
S0558,126
S0558,131
S0558,128
S0558,125
S0559,103
S0559,135
S0559,109
S0559,132
S0560,121
S0560,133
S0560,129
S0561,109
S0562,141
S0563,121
S0563,114
S0563,105
S0563,125
S0564,124
S0564,139
S0564,113
S0564,107
S0564,109
S0565,109
S0565,107
S0565,103
S0565,131
S0566,106
S0566,117
S0566,115
S0567,141
S0568,101
S0569,106
S0569,118
S0569,119
S0569,123
S0570,138
S0570,139
S0571,120
S0571,123
S0571,130
S0571,118
S0572,114
S0572,105
S0573,140
S0573,131
S0573,107
S0573,108
S0573,124
S0574,115
S0574,116
S0575,138
S0575,129
S0575,111
S0576,128
S0576,140
S0576,130
S0576,102
S0576,106
S0577,103
S0578,141
S0578,120
S0579,119
S0579,120
S0580,139
S0580,132
S0580,124
S0580,135
S0580,123
S0581,127
S0581,141
S0581,105
S0581,134
S0581,133
S0582,131
S0583,126
S0583,104
S0583,109
S0583,108
S0583,124
S0584,138
S0584,110
S0584,132
S0584,139
S0584,117
S0585,130
S0585,128
S0586,133
S0586,109
S0587,119
S0587,138
S0587,103
S0587,114
S0588,108
S0588,111
S0589,112
S0589,115
S0590,121
S0590,117
S0590,136
S0590,103
S0590,129
S0591,119
S0592,114
S0592,108
S0592,120
S0592,134
S0593,126
S0593,136
S0594,120
S0594,130
S0594,131
S0594,132
S0595,101
S0595,130
S0595,102
S0596,126
S0596,125
S0597,123
S0597,126
S0597,101
S0597,129
S0598,109
S0598,111
S0598,136
S0598,110
S0599,112
S0600,109
S0600,108
S0600,138
S0600,114
S0600,133
S0601,135
S0601,111
S0601,131
S0601,136
S0602,129
S0602,109
S0602,128
S0603,114
S0603,139
S0603,113
S0604,120
S0605,138
S0605,128
S0605,137
S0606,103
S0606,126
S0607,126
S0607,103
S0607,118
S0607,135
S0608,115
S0608,107
S0608,112
S0609,117
S0609,114
S0610,134
S0610,118
S0610,138
S0611,106
S0611,108
S0611,134
S0611,120
S0611,128
S0612,107
S0612,110
S0612,117
S0613,108
S0613,102
S0614,116
S0614,130
S0614,136
S0614,106
S0615,102
S0615,120
S0615,136
S0615,115
S0616,117
S0616,141
S0616,134
S0616,107
S0617,127
S0618,138
S0618,123
S0618,124
S0619,141
S0619,124
S0619,137
S0619,117
S0619,111
S0620,140
S0621,132
S0621,137
S0622,107
S0622,114
S0623,113
S0623,126
S0623,122
S0623,137
S0624,112
S0624,132
S0624,126
S0624,130
S0625,134
S0625,132
S0625,131
S0625,124
S0626,114
S0626,124
S0626,136
S0626,128
S0626,105
S0627,120
S0627,106
S0628,117
S0628,139
S0628,105
S0628,138
S0629,115
S0629,136
S0629,102
S0630,135
S0630,120
S0630,112
S0630,128
S0630,132
S0631,113
S0631,139
S0632,101
S0632,132
S0632,126
S0632,108
S0632,124
S0633,103
S0634,105
S0635,115
S0636,107
S0636,122
S0636,120
S0636,134
S0636,101
S0637,119
S0637,112
S0637,113
S0638,117
S0638,132
S0638,140
S0638,111
S0639,117
S0640,139
S0640,101
S0640,106
S0640,134
S0640,126
S0641,125
S0642,130
S0642,139
S0642,102
S0643,141
S0643,139
S0643,137
S0644,122
S0645,115
S0645,134
S0645,102
S0645,125
S0646,140
S0646,137
S0646,125
S0646,130
S0647,125
S0647,129
S0648,103
S0648,138
S0649,108
S0649,103
S0649,112
S0649,113
S0650,112
S0650,128
S0650,120
S0650,115
S0651,104
S0651,124
S0652,125
S0652,137
S0652,129
S0652,111
S0652,118
S0653,140
S0653,131
S0653,107
S0654,124
S0654,129
S0654,140
S0655,111
S0655,132
S0656,101
S0656,108
S0656,122
S0656,120
S0657,107
S0657,130
S0657,132
S0657,114
S0657,141
S0658,127
S0658,101
S0659,128
S0659,133
S0659,122
S0659,127
S0659,136
S0660,136
S0660,127
S0660,105
S0660,103
S0660,134
S0661,139
S0661,131
S0661,113
S0662,133
S0662,125
S0662,131
S0663,119
S0663,114
S0663,113
S0663,127
S0663,118
S0664,132
S0664,104
S0664,111
S0665,113
S0665,110
S0665,132
S0665,126
S0666,128
S0666,123
S0666,139
S0666,126
S0667,122
S0667,134
S0667,129
S0668,125
S0668,140
S0668,117
S0668,138
S0669,129
S0669,106
S0669,123
S0670,141
S0670,116
S0670,118
S0671,117
S0671,121
S0671,103
S0671,141
S0672,117
S0672,102
S0673,116
S0673,129
S0673,132
S0674,139
S0674,101
S0675,118
S0675,134
S0675,140
S0675,126
S0675,121
S0676,140
S0676,117
S0677,102
S0677,116
S0677,129
S0678,118
S0678,136
S0678,103
S0679,134
S0679,101
S0679,124
S0679,115
S0680,114
S0680,113
S0680,135
S0680,124
S0680,126
S0681,113
S0681,112
S0681,139
S0681,108
S0681,116
S0682,139
S0682,125
S0682,120
S0682,134
S0683,118
S0684,131
S0685,130
S0685,114
S0686,118
S0687,123
S0688,125
S0689,112
S0689,117
S0690,121
S0691,103
S0692,127
S0692,124
S0693,115
S0693,135
S0693,129
S0693,141
S0693,138
S0694,114
S0694,113
S0694,119
S0694,126
S0695,118
S0695,128
S0695,126
S0695,103
S0696,114
S0696,109
S0697,113
S0697,137
S0697,140
S0697,131
S0698,108
S0698,122
S0698,139
S0699,104
S0699,137
S0700,105
S0700,104
S0700,106
S0701,112
S0702,128
S0702,103
S0702,131
S0702,135
S0703,139
S0704,108
S0704,126
S0704,120
S0705,117
S0705,138
S0705,130
S0705,131
S0705,137
S0706,113
S0706,134
S0706,116
S0706,102
S0707,106
S0707,117
S0707,114
S0707,121
S0708,124
S0708,118
S0708,131
S0708,134
S0709,114
S0709,122
S0709,102
S0709,123
S0709,112
S0710,103
S0710,112
S0710,130
S0710,102
S0711,134
S0711,131
S0711,122
S0711,128
S0712,104
S0712,131
S0712,106
S0712,141
S0713,108
S0713,111
S0713,139
S0713,112
S0713,116
S0714,107
S0714,114
S0714,137
S0714,108
S0715,113
S0715,132
S0716,117
S0716,124
S0716,139
S0716,138
S0717,120
S0717,107
S0717,114
S0717,116
S0717,132
S0718,133
S0718,129
S0718,101
S0718,122
S0719,101
S0719,132
S0719,138
S0719,105
S0719,103
S0720,124
S0720,108
S0720,102
S0720,128
S0721,103
S0721,132
S0721,130
S0722,114
S0722,135
S0722,120
S0722,129
S0722,134
S0723,133
S0723,113
S0723,101
S0724,117
S0724,134
S0725,130
S0725,114
S0725,128
S0726,119
S0726,101
S0726,117
S0727,109
S0727,131
S0727,112
S0727,133
S0727,104
S0728,101
S0728,113
S0728,108
S0728,129
S0728,136
S0729,116
S0729,125
S0729,117
S0729,106
S0729,128
S0730,134
S0730,121
S0730,140
S0730,133
S0731,117
S0731,118
S0731,103
S0732,136
S0732,137
S0732,121
S0732,138
S0732,114
S0733,113
S0734,141
S0734,103
S0735,141
S0735,124
S0735,128
S0735,101
S0736,110
S0736,128
S0736,140
S0737,104
S0737,108
S0737,124
S0737,111
S0737,114
S0738,109
S0739,139
S0739,140
S0739,126
S0739,125
S0739,113
S0740,102
S0740,139
S0741,116
S0741,123
S0742,123
S0742,117
S0742,101
S0742,116
S0743,129
S0744,138
S0744,108
S0744,123
S0744,118
S0744,104
S0745,130
S0745,114
S0746,102
S0746,108
S0747,141
S0747,139
S0748,114
S0748,106
S0748,136
S0749,101
S0749,102
S0749,119
S0750,113
S0750,106
S0751,109
S0751,103
S0751,125
S0751,134
S0751,104
S0752,134
S0752,108
S0752,103
S0753,116
S0753,104
S0753,123
S0753,120
S0753,134
S0754,129
S0754,114
S0754,134
S0755,129
S0755,132
S0755,139
S0756,114
S0756,138
S0756,134
S0756,110
S0757,122
S0757,141
S0757,121
S0758,134
S0758,107
S0759,106
S0759,135
S0759,111
S0760,110
S0760,113
S0760,133
S0760,109
S0761,118
S0761,109
S0761,138
S0761,123
S0762,133
S0763,112
S0763,124
S0763,130
S0764,134
S0764,106
S0764,122
S0764,138
S0765,116
S0766,133
S0767,137
S0768,140
S0768,122
S0768,120
S0768,117
S0769,130
S0769,125
S0769,107
S0769,122
S0769,101
S0770,133
S0770,136
S0770,119
S0771,108
S0771,121
S0771,102
S0771,133
S0771,137
S0772,117
S0772,119
S0773,119
S0773,103
S0773,116
S0773,122
S0774,129
S0775,139
S0775,124
S0775,123
S0775,114
S0776,122
S0776,133
S0776,105
S0777,133
S0778,110
S0778,129
S0779,122
S0779,120
S0779,129
S0779,141
S0780,132
S0780,118
S0780,124
S0780,137
S0781,124
S0781,119
S0782,109
S0783,133
S0783,129
S0784,119
S0784,138
S0785,131
S0785,139
S0786,140
S0786,103
S0786,102
S0786,132
S0787,119
S0788,124
S0788,139
S0788,119
S0789,120
S0789,137
S0789,127
S0789,130
S0789,117
S0790,128
S0791,109
S0791,113
S0791,137
S0791,122
S0792,132
S0792,108
S0792,110
S0792,122
S0793,138
S0793,115
S0793,122
S0794,111
S0795,128
S0795,129
S0795,117
S0795,140
S0796,125
S0797,108
S0797,110
S0797,132
S0798,131
S0798,126
S0799,113
S0799,105
S0799,119
S0800,108
S0800,141
S0800,113
S0801,107
S0801,132
S0801,141
S0802,104
S0803,119
S0803,124
S0803,122
S0804,116
S0804,119
S0804,123
S0804,140
S0804,122
S0805,128
S0805,112
S0805,108
S0806,136
S0806,114
S0806,124
S0806,131
S0807,127
S0807,133
S0807,104
S0807,136
S0808,123
S0808,101
S0808,120
S0808,138
S0808,106
S0809,133
S0810,104
S0810,119
S0810,113
S0810,106
S0811,106
S0811,124
S0811,122
S0811,131
S0812,121
S0812,111
S0812,106
S0812,141
S0812,138
S0813,138
S0813,115
S0813,126
S0813,136
S0814,103
S0814,140
S0814,116
S0814,105
S0815,103
S0815,134
S0815,137
S0815,133
S0816,123
S0816,102
S0816,106
S0816,103
S0816,124
S0817,136
S0817,113
S0817,139
S0818,106
S0819,124
S0820,112
S0820,103
S0821,126
S0821,119
S0822,103
S0823,113
S0823,116
S0823,114
S0823,137
S0823,128
S0824,132
S0824,138
S0825,112
S0826,116
S0827,136
S0827,141
S0827,129
S0827,134
S0827,111
S0828,136
S0829,140
S0829,114
S0829,134
S0829,120
S0829,119
S0830,134
S0830,107
S0830,127
S0830,129
S0831,126
S0831,116
S0831,118
S0831,109
S0832,135
S0833,120
S0833,133
S0834,112
S0835,112
S0835,126
S0835,128
S0836,131
S0836,118
S0836,110
S0837,120
S0837,118
S0837,102
S0837,117
S0838,136
S0838,113
S0838,111
S0838,132
S0839,128
S0839,127
S0839,116
S0839,129
S0839,139
S0840,134
S0840,106
S0840,136
S0841,129
S0841,120
S0841,118
S0841,140
S0842,111
S0842,120
S0842,125
S0842,134
S0842,129
S0843,120
S0844,125
S0844,140
S0844,114
S0845,140
S0845,122
S0845,116
S0845,106
S0845,121
S0846,128
S0846,126
S0846,120
S0847,113
S0847,140
S0848,101
S0848,110
S0848,141
S0849,138
S0849,101
S0849,136
S0849,137
S0850,118
S0850,138
S0850,125
S0850,127
S0851,105
S0851,108
S0851,135
S0851,112
S0851,109
S0852,110
S0852,116
S0852,141
S0852,109
S0852,118
S0853,136
S0853,132
S0853,109
S0853,112
S0854,115
S0855,114
S0855,115
S0855,132
S0855,136
S0856,104
S0856,125
S0856,105
S0857,133
S0857,127
S0858,120
S0858,134
S0858,121
S0858,132
S0859,116
S0859,104
S0859,117
S0859,122
S0859,121
S0860,125
S0860,121
S0860,129
S0860,126
S0860,124
S0861,133
S0861,125
S0861,136
S0861,101
S0862,123
S0863,105
S0863,109
S0863,126
S0864,128
S0864,117
S0864,141
S0864,139
S0865,114
S0865,127
S0865,115
S0866,130
S0866,103
S0867,127
S0867,107
S0867,117
S0868,123
S0868,113
S0868,117
S0868,112
S0869,104
S0870,110
S0870,106
S0870,133
S0871,129
S0871,117
S0871,130
S0871,107
S0872,109
S0872,104
S0872,116
S0873,106
S0873,141
S0873,137
S0874,137
S0875,123
S0875,102
S0875,122
S0875,127
S0875,124
S0876,116
S0877,121
S0877,136
S0878,104
S0878,135
S0878,106
S0879,113
S0879,112
S0879,137
S0880,131
S0880,128
S0880,127
S0880,114
S0880,112
S0881,138
S0881,104
S0881,118
S0881,109
S0882,114
S0882,136
S0883,101
S0884,103
S0884,133
S0884,140
S0884,105
S0885,103
S0885,124
S0885,110
S0885,109
S0886,106
S0886,134
S0886,118
S0886,123
S0886,130
S0887,138
S0887,127
S0887,124
S0888,139
S0888,102
S0888,122
S0888,109
S0888,131
S0889,112
S0890,140
S0890,128
S0890,107
S0891,119
S0892,121
S0892,133
S0893,103
S0893,120
S0894,141
S0895,131
S0895,124
S0895,108
S0895,115
S0896,128
S0897,101
S0898,110
S0898,109
S0898,107
S0898,126
S0898,136
S0899,130
S0899,119
S0899,122
S0899,113
S0899,108
S0900,129
S0900,116
S0900,110
S0901,119
S0902,106
S0902,140
S0903,129
S0903,119
S0904,106
S0904,112
S0905,128
S0905,127
S0905,123
S0905,126
S0906,112
S0907,113
S0907,126
S0908,127
S0909,122
S0909,133
S0909,102
S0910,110
S0910,117
S0910,130
S0910,121
S0911,122
S0911,110
S0911,127
S0912,109
S0912,104
S0912,116
S0912,126
S0913,104
S0913,110
S0913,130
S0913,121
S0914,101
S0915,123
S0916,136
S0916,132
S0916,103
S0916,128
S0917,101
S0917,121
S0917,130
S0917,105
S0917,112
S0918,134
S0919,125
S0920,139
S0920,113
S0920,112
S0920,116
S0921,113
S0921,137
S0921,115
S0922,102
S0922,141
S0923,118
S0923,134
S0923,119
S0924,121
S0924,106
S0924,127
S0924,122
S0924,131
S0925,129
S0926,119
S0926,113
S0926,110
S0926,107
S0926,134
S0927,103
S0927,110
S0928,112
S0928,126
S0928,117
S0929,134
S0929,122
S0929,141
S0929,108
S0930,102
S0930,110
S0930,103
S0930,120
S0930,105
S0931,121
S0932,135
S0932,133
S0932,103
S0933,107
S0933,104
S0933,139
S0934,113
S0934,119
S0935,124
S0935,116
S0935,115
S0935,127
S0936,116
S0936,101
S0937,131
S0937,124
S0937,120
S0938,130
S0938,104
S0939,137
S0940,119
S0940,108
S0940,126
S0940,117
S0940,115
S0941,129
S0941,103
S0941,141
S0941,110
S0942,130
S0943,118
S0944,104
S0944,108
S0944,112
S0944,122
S0945,111
S0945,136
S0945,115
S0945,114
S0945,141
S0946,131
S0946,106
S0946,129
S0946,135
S0946,124
S0947,134
S0947,107
S0947,130
S0947,125
S0948,129
S0948,124
S0948,103
S0948,123
S0948,139
S0949,132
S0950,137
S0950,116
S0951,105
S0952,123
S0953,138
S0953,106
S0953,125
S0954,136
S0954,113
S0954,116
S0954,105
S0954,132
S0955,114
S0955,125
S0955,119
S0955,132
S0955,102
S0956,139
S0956,117
S0956,120
S0956,103
S0956,125
S0957,141
S0957,119
S0957,123
S0958,122
S0958,137
S0959,124
S0959,130
S0960,132
S0961,124
S0961,101
S0961,137
S0961,117
S0962,112
S0962,101
S0962,131
S0962,135
S0963,128
S0963,110
S0963,112
S0964,108
S0964,138
S0964,111
S0964,127
S0965,109
S0966,105
S0966,108
S0966,136
S0966,128
S0967,102
S0967,108
S0967,139
S0967,115
S0967,128
S0968,138
S0969,138
S0970,137
S0970,101
S0970,136
S0971,130
S0972,104
S0973,109
S0973,132
S0974,111
S0974,134
S0974,102
S0974,123
S0975,130
S0975,132
S0975,104
S0975,106
S0975,118
S0976,130
S0976,109
S0976,125
S0976,133
S0976,107
S0977,137
S0978,128
S0978,139
S0978,126
S0979,128
S0979,102
S0979,132
S0980,113
S0980,141
S0980,121
S0980,139
S0981,125
S0981,137
S0981,108
S0982,111
S0982,110
S0982,103
S0982,123
S0982,108
S0983,124
S0983,126
S0984,137
S0984,130
S0985,134
S0985,140
S0985,112
S0986,103
S0986,104
S0986,132
S0987,107
S0987,128
S0987,130
S0988,134
S0988,127
S0988,141
S0989,113
S0989,124
S0989,135
S0989,108
S0990,109
S0990,108
S0990,132
S0990,117
S0990,133
S0991,119
S0991,132
S0991,129
S0991,139
S0992,124
S0992,140
S0993,122
S0993,136
S0993,120
S0993,114
S0993,135
S0994,124
S0994,125
S0995,138
S0995,131
S0995,108
S0995,112
S0995,123
S0996,103
S0996,106
S0997,113
S0997,104
S0997,125
S0997,117
S0997,128
S0998,108
S0998,110
S0998,125
S0998,132
S0998,137
S0999,137
S1000,138
S1000,137
S1000,113
S1000,114
S1001,116
S1001,103
S1001,114
S1002,116
S1003,131
S1003,136
S1003,114
S1003,103
S1003,121
S1004,134
S1004,109
S1004,133
S1004,131
S1005,115
S1005,116
S1005,122
S1006,112
S1006,128
S1006,111
S1007,109
S1008,118
S1008,136
S1008,132
S1008,117
S1008,131
S1009,108
S1009,112
S1009,136
S1009,111
S1009,126
S1010,138
S1010,113
S1010,119
S1010,124
S1010,108
S1011,115
S1011,137
S1011,111
S1011,109
S1012,138
S1012,115
S1013,129
S1014,133
S1014,128
S1014,122
S1014,101
S1015,137
S1015,118
S1016,124
S1016,104
S1016,121
S1016,131
S1017,131
S1017,137
S1017,106
S1017,130
S1018,114
S1018,105
S1018,109
S1019,114
S1019,120
S1019,121
S1020,123
S1020,116
S1021,105
S1021,122
S1021,132
S1021,123
S1021,103
S1022,110
S1022,130
S1022,111
S1022,104
S1022,140
S1023,133
S1023,103
S1023,113
S1024,138
S1024,124
S1024,129
S1024,123
S1025,112
S1025,140
S1025,117
S1025,113
S1026,137
S1026,107
S1027,135
S1027,125
S1027,130
S1027,101
S1028,135
S1028,121
S1028,102
S1028,126
S1028,137
S1029,115
S1029,138
S1029,118
S1030,107
S1030,104
S1030,105
S1031,120
S1032,132
S1032,138
S1033,117
S1033,140
S1033,113
S1033,123
S1034,138
S1034,110
S1034,108
S1035,107
S1036,105
S1036,133
S1036,135
S1036,141
S1036,140
S1037,140
S1037,108
S1037,114
S1037,110
S1038,116
S1038,124
S1038,129
S1038,121
S1038,114
S1039,120
S1039,133
S1039,141
S1039,105
S1039,107
S1040,121
S1041,103
S1041,113
S1041,120
S1041,130
S1042,126
S1042,104
S1042,106
S1043,119
S1043,111
S1043,125
S1043,112
S1044,122
S1044,121
S1044,119
S1045,111
S1045,101
S1045,112
S1045,108
S1046,122
S1046,117
S1047,140
S1047,111
S1047,110
S1047,116
S1048,119
S1048,101
S1048,132
S1048,106
S1048,129
S1049,119
S1049,115
S1050,125
S1050,104
S1050,140
S1051,117
S1051,131
S1051,104
S1052,127
S1053,116
S1054,134
S1054,105
S1054,104
S1054,129
S1054,137
S1055,107
S1055,126
S1055,113
S1056,109
S1056,105
S1056,117
S1057,112
S1058,111
S1059,119
S1059,141
S1060,132
S1061,126
S1061,105
S1061,125
S1062,103
S1062,139
S1062,122
S1062,128
S1062,117
S1063,134
S1064,118
S1064,108
S1064,113
S1065,113
S1065,128
S1066,124
S1066,101
S1066,109
S1066,134
S1067,139
S1067,105
S1067,122
S1068,121
S1068,136
S1068,108
S1068,129
S1069,107
S1069,124
S1069,131
S1069,136
S1069,111
S1070,104
S1070,122
S1070,112
S1070,120
S1070,138
S1071,111
S1071,106
S1072,108
S1072,107
S1072,119
S1072,111
S1072,137
S1073,139
S1073,118
S1073,133
S1073,108
S1073,119
S1074,119
S1075,106
S1076,133
S1076,124
S1077,137
S1077,138
S1077,113
S1077,108
S1078,111
S1078,127
S1078,121
S1079,101
S1079,108
S1080,102
S1080,107
S1081,120
S1081,103
S1081,110
S1081,104
S1082,133
S1082,120
S1082,128
S1082,140
S1082,134
S1083,126
S1083,124
S1083,140
S1083,120
S1084,105
S1084,135
S1084,110
S1084,130
S1084,112
S1085,108
S1085,116
S1085,125
S1085,130
S1085,121
S1086,107
S1086,127
S1086,120
S1086,118
S1086,141
S1087,108
S1087,121
S1087,113
S1087,110
S1087,136
S1088,107
S1089,113
S1090,134
S1091,109
S1091,114
S1091,107
S1092,126
S1092,135
S1092,111
S1093,119
S1093,112
S1094,117
S1094,101
S1094,109
S1094,110
S1094,126
S1095,126
S1095,131
S1096,141
S1097,111
S1097,101
S1098,121
S1098,116
S1099,111
S1099,116
S1099,135
S1100,129
S1100,103
S1100,131
S1100,125
S1101,120
S1102,140
S1102,113
S1103,135
S1103,132
S1103,141
S1103,128
S1103,126
S1104,120
S1104,104
S1104,135
S1104,132
S1105,109
S1105,105
S1105,103
S1105,129
S1106,112
S1106,119
S1106,104
S1107,116
S1108,103
S1108,124
S1109,102
S1110,132
S1110,110
S1110,119
S1110,130
S1110,109
S1111,118
S1111,112
S1111,128
S1112,119
S1112,105
S1112,128
S1113,138
S1113,114
S1113,112
S1113,132
S1113,128
S1114,138
S1114,136
S1115,112
S1115,115
S1115,136
S1116,136
S1117,133
S1117,137
S1118,125
S1118,113
S1119,130
S1119,136
S1120,134
S1120,102
S1120,131
S1120,103
S1121,112
S1121,115
S1121,123
S1122,115
S1122,106
S1122,134
S1122,140
S1123,124
S1123,138
S1123,116
S1123,105
S1123,106
S1124,138
S1124,112
S1124,106
S1124,113
S1125,116
S1125,120
S1125,130
S1126,123
S1127,131
S1128,132
S1129,124
S1129,101
S1129,136
S1129,120
S1130,119
S1130,137
S1130,140
S1130,126
S1130,113
S1131,130
S1131,125
S1131,133
S1132,127
S1132,109
S1132,105
S1132,116
S1133,101
S1133,121
S1133,138
S1133,123
S1133,105
S1134,117
S1134,136
S1134,118
S1134,123
S1134,111
S1135,124
S1135,138
S1136,122
S1136,107
S1136,113
S1137,103
S1137,121
S1138,105
S1138,123
S1138,119
S1138,107
S1138,138
S1139,114
S1139,123
S1139,108
S1139,107
S1140,139
S1141,132
S1141,120
S1141,122
S1141,107
S1142,128
S1142,115
S1143,123
S1143,139
S1143,101
S1143,122
S1144,117
S1145,132
S1146,132
S1146,110
S1147,116
S1147,117
S1148,127
S1148,132
S1149,130
S1149,103
S1149,113
S1149,112
S1149,114
S1150,108
S1150,109
S1150,134
S1150,106
S1150,129
S1151,134
S1152,137
S1152,115
S1152,123
S1152,120
S1152,129
S1153,109
S1153,108
S1153,105
S1154,129
S1154,121
S1155,128
S1155,116
S1155,132
S1155,114
S1155,105
S1156,120
S1157,114
S1157,116
S1157,107
S1157,102
S1157,135
S1158,126
S1158,111
S1158,116
S1158,104
S1158,128
S1159,138
S1159,117
S1159,102
S1160,116
S1161,107
S1161,133
S1161,102
S1161,116
S1161,127
S1162,136
S1162,124
S1162,106
S1163,103
S1164,105
S1164,133
S1165,120
S1165,105
S1166,102
S1166,135
S1166,106
S1167,103
S1167,109
S1167,134
S1167,117
S1168,105
S1168,128
S1168,141
S1168,136
S1169,135
S1169,129
S1169,141
S1169,113
S1170,105
S1170,119
S1171,139
S1171,137
S1171,131
S1171,101
S1171,114
S1172,102
S1172,118
S1173,120
S1173,132
S1174,114
S1174,120
S1174,109
S1175,103
S1176,124
S1176,105
S1176,103
S1176,102
S1177,126
S1177,101
S1177,105
S1178,141
S1179,108
S1179,113
S1179,116
S1180,124
S1180,122
S1180,130
S1181,120
S1181,109
S1181,104
S1181,131
S1181,110
S1182,115
S1182,139
S1183,128
S1183,130
S1183,109
S1184,132
S1185,105
S1185,134
S1185,139
S1185,136
S1186,136
S1186,132
S1186,130
S1186,128
S1186,131
S1187,124
S1187,105
S1187,114
S1187,133
S1188,130
S1188,105
S1188,109
S1188,114
S1189,135
S1189,106
S1189,137
S1189,115
S1189,140
S1190,141
S1190,111
S1190,103
S1190,118
S1191,131
S1191,115
S1191,103
S1191,118
S1191,124
S1192,138
S1193,121
S1193,122
S1193,133
S1194,133
S1194,106
S1194,130
S1194,115
S1195,108
S1195,135
S1195,136
S1196,132
S1197,126
S1197,120
S1197,103
S1197,116
S1197,141
S1198,123
S1199,121
S1199,133
S1199,122
S1199,140
S1200,137
S1200,107
S1201,141
S1201,121
S1201,116
S1201,126
S1201,109
S1202,124
S1203,120
S1203,139
S1203,113
S1204,138
S1204,112
S1205,106
S1205,137
S1205,121
S1205,117
S1206,127
S1207,134
S1207,121
S1208,130
S1208,101
S1208,109
S1208,104
S1209,141
S1209,105
S1209,123
S1209,113
S1210,136
S1210,118
S1210,112
S1210,104
S1211,123
S1211,122
S1211,115
S1212,118
S1212,119
S1212,103
S1213,134
S1213,138
S1213,127
S1213,130
S1214,133
S1214,134
S1214,135
S1214,138
S1215,109
S1215,107
S1216,103
S1217,109
S1217,101
S1217,118
S1217,102
S1218,120
S1218,132
S1218,105
S1218,108
S1218,112
S1219,126
S1219,107
S1219,129
S1220,132
S1220,135
S1220,101
S1221,107
S1221,102
S1221,120
S1222,128
S1222,127
S1222,131
S1222,106
S1222,134
S1223,117
S1223,118
S1223,110
S1223,128
S1224,119
S1224,120
S1225,104
S1225,117
S1225,137
S1225,136
S1226,131
S1226,106
S1226,108
S1226,102
S1227,133
S1228,130
S1228,101
S1228,115
S1228,116
S1229,121
S1229,130
S1230,119
S1231,115
S1231,102
S1231,130
S1232,109
S1232,120
S1233,128
S1233,134
S1233,137
S1233,140
S1234,117
S1234,139
S1234,104
S1234,114
S1235,117
S1236,133
S1236,107
S1237,129
S1237,140
S1237,139
S1237,133
S1238,137
S1238,110
S1238,117
S1238,126
S1238,111
S1239,130
S1239,102
S1239,119
S1240,108
S1240,107
S1240,113
S1240,104
S1240,106
S1241,128
S1241,119
S1241,116
S1241,109
S1241,106
S1242,123
S1242,125
S1242,124
S1243,133
S1244,111
S1245,124
S1245,139
S1245,106
S1245,131
S1246,102
S1247,118
S1247,116
S1248,118
S1248,113
S1248,110
S1248,123
S1249,131
S1249,119
S1249,102
S1249,122
S1250,125
S1250,109
S1251,106
S1251,110
S1251,114
S1252,105
S1253,117
S1253,107
S1253,141
S1254,108
S1255,102
S1255,141
S1255,109
S1255,125
S1255,101
S1256,107
S1256,116
S1256,126
S1256,138
S1257,104
S1257,103
S1258,109
S1258,112
S1258,105
S1259,117
S1259,111
S1259,128
S1260,116
S1260,124
S1260,113
S1260,136
S1261,109
S1261,121
S1261,128
S1262,108
S1263,107
S1263,121
S1263,140
S1263,137
S1264,120
S1264,118
S1264,110
S1264,127
S1264,106
S1265,118
S1265,122
S1265,121
S1265,114
S1265,129
S1266,135
S1266,110
S1266,126
S1267,109
S1267,140
S1267,124
S1267,104
S1267,135
S1268,118
S1269,138
S1269,120
S1269,103
S1269,112
S1269,113
S1270,113
S1270,123
S1271,124
S1271,138
S1271,115
S1271,123
S1271,133
S1272,114
S1273,111
S1273,133
S1273,134
S1274,122
S1275,132
S1276,103
S1276,132
S1276,133
S1277,138
S1278,114
S1278,124
S1278,117
S1278,119
S1279,123
S1279,112
S1280,131
S1280,132
S1280,117
S1281,118
S1281,137
S1281,125
S1282,138
S1282,116
S1282,103
S1283,128
S1283,119
S1283,104
S1284,128
S1285,125
S1286,135
S1286,133
S1286,109
S1286,125
S1286,120
S1287,128
S1287,109
S1287,130
S1287,124
S1287,114
S1288,130
S1288,138
S1288,115
S1288,136
S1289,119
S1289,125
S1289,102
S1290,107
S1290,109
S1290,108
S1290,102
S1290,117
S1291,130
S1292,124
S1292,117
S1293,113
S1293,139
S1293,128
S1294,106
S1295,104
S1295,137
S1295,140
S1295,115
S1296,141
S1296,117
S1297,102
S1297,129
S1297,137
S1297,110
S1298,109
S1298,124
S1298,107
S1298,131
S1299,113
S1299,108
S1299,126
S1300,114
S1301,124
S1301,104
S1302,138
S1302,120
S1303,141
S1303,139
S1304,134
S1304,117
S1304,118
S1304,110
S1304,130
S1305,137
S1305,123
S1305,110
S1305,116
S1305,128
S1306,132
S1307,117
S1307,137
S1307,127
S1307,122
S1307,120
S1308,123
S1308,140
S1308,130
S1308,133
S1308,108
S1309,129
S1309,113
S1310,132
S1311,110
S1311,129
S1311,107
S1312,115
S1312,109
S1312,110
S1312,118
S1312,102
S1313,114
S1313,139
S1314,126
S1314,109
S1315,125
S1315,107
S1315,130
S1315,127
S1316,102
S1316,118
S1316,103
S1317,125
S1317,122
S1317,124
S1318,106
S1319,136
S1319,125
S1320,133
S1320,106
S1321,102
S1322,101
S1322,109
S1322,135
S1323,111
S1323,103
S1323,131
S1323,119
S1323,141
S1324,138
S1324,123
S1324,111
S1325,109
S1325,129
S1325,127
S1325,132
S1325,131
S1326,112
S1326,114
S1326,140
S1327,121
S1327,117
S1328,115
S1328,141
S1329,113
S1329,109
S1329,129
S1329,134
S1330,139
S1330,127
S1331,112
S1331,106
S1331,123
S1331,108
S1331,103
S1332,109
S1333,101
S1333,132
S1333,129
S1333,111
S1334,117
S1335,141
S1335,117
S1336,125
S1336,137
S1336,122
S1336,114
S1336,132
S1337,124
S1338,131
S1338,116
S1338,108
S1339,123
S1340,101
S1340,136
S1341,136
S1341,113
S1341,105
S1341,130
S1341,115
S1342,137
S1343,104
S1343,131
S1343,140
S1344,115
S1344,130
S1345,115
S1345,107
S1345,109
S1345,140
S1346,113
S1346,118
S1346,106
S1346,120
S1347,122
S1347,104
S1347,111
S1347,130
S1347,124
S1348,141
S1348,102
S1348,134
S1348,110
S1348,127
S1349,102
S1349,101
S1349,139
S1349,104
S1349,131
S1350,112
S1350,102
S1351,141
S1351,131
S1351,106
S1351,111
S1351,108
S1352,138
S1352,118
S1352,123
S1352,112
S1352,116
S1353,121
S1353,137
S1353,127
S1353,103
S1353,109
S1354,114
S1354,105
S1355,140
S1355,134
S1355,130
S1356,108
S1356,130
S1356,124
S1357,140
S1357,102
S1357,113
S1357,111
S1358,101
S1358,136
S1359,135
S1359,104
S1359,128
S1359,101
S1359,139
S1360,105
S1360,130
S1360,122
S1361,111
S1362,108
S1362,115
S1362,102
S1363,129
S1364,141
S1364,135
S1364,128
S1364,132
S1364,123
S1365,132
S1365,121
S1365,122
S1365,135
S1365,101
S1366,122
S1366,137
S1366,107
S1366,120
S1366,103
S1367,140
S1367,129
S1367,112
S1368,126
S1368,127
S1369,119
S1369,126
S1369,109
S1369,129
S1369,112
S1370,128
S1370,122
S1370,107
S1370,135
S1370,108
S1371,109
S1371,103
S1371,120
S1372,136
S1372,118
S1373,103
S1373,117
S1373,126
S1374,107
S1374,132
S1375,117
S1375,113
S1375,119
S1375,139
S1376,137
S1376,119
S1377,128
S1378,129
S1378,117
S1378,103
S1378,136
S1379,127
S1379,137
S1379,133
S1379,124
S1379,135
S1380,129
S1380,118
S1380,140
S1381,106
S1382,126
S1383,130
S1383,110
S1383,128
S1383,119
S1384,133
S1385,140
S1385,116
S1385,138
S1385,129
S1386,140
S1386,121
S1386,114
S1386,130
S1386,131
S1387,105
S1388,118
S1388,137
S1389,108
S1389,128
S1390,123
S1390,139
S1390,134
S1391,117
S1391,116
S1392,135
S1392,101
S1392,118
S1392,129
S1393,119
S1394,131
S1395,113
S1395,125
S1395,123
S1395,105
S1395,133
S1396,124
S1396,126
S1396,138
S1396,112
S1397,138
S1397,109
S1397,104
S1397,115
S1398,131
S1398,114
S1399,132
S1399,108
S1399,110
S1400,125
S1400,131
S1400,112
S1401,110
S1402,101
S1402,102
S1403,122
S1403,130
S1403,133
S1403,137
S1403,123
S1404,108
S1404,124
S1404,115
S1404,110
S1404,120
S1405,122
S1405,125
S1406,102
S1406,101
S1406,138
S1406,135
S1407,122
S1408,135
S1408,114
S1408,127
S1408,139
S1409,114
S1410,113
S1411,105
S1411,116
S1411,141
S1412,122
S1412,113
S1412,109
S1412,138
S1413,121
S1413,128
S1413,135
S1413,118
S1413,140
S1414,129
S1414,102
S1414,132
S1414,103
S1414,128
S1415,102
S1416,118
S1416,125
S1416,107
S1416,116
S1417,129
S1417,103
S1418,118
S1419,106
S1419,132
S1419,120
S1419,119
S1419,113
S1420,136
S1420,129
S1420,106
S1420,141
S1421,116
S1421,133
S1421,130
S1421,128
S1422,106
S1422,123
S1423,132
S1423,120
S1423,101
S1423,121
S1424,124
S1424,133
S1424,128
S1425,108
S1425,134
S1425,110
S1425,119
S1426,132
S1426,120
S1426,105
S1426,118
S1426,111
S1427,133
S1427,124
S1427,115
S1427,141
S1428,117
S1429,139
S1430,133
S1430,131
S1430,112
S1430,127
S1430,114
S1431,137
S1431,112
S1431,106
S1432,109
S1432,114
S1433,137
S1433,138
S1434,111
S1434,108
S1434,121
S1434,137
S1434,102
S1435,130
S1436,114
S1437,101
S1437,119
S1438,133
S1438,117
S1438,123
S1439,130
S1439,131
S1439,105
S1439,124
S1440,108
S1440,130
S1440,125
S1441,101
S1441,119
S1441,121
S1441,127
S1442,138
S1442,115
S1442,137
S1442,106
S1442,107
S1443,120
S1443,124
S1443,129
S1443,126
S1444,129
S1444,126
S1444,124
S1444,131
S1445,125
S1445,126
S1445,117
S1445,131
S1446,103
S1446,136
S1446,123
S1446,109
S1447,133
S1448,109
S1448,138
S1448,128
S1449,122
S1449,121
S1449,112
S1450,132
S1451,104
S1451,119
S1451,137
S1452,135
S1452,134
S1452,132
S1452,109
S1452,138
S1453,133
S1453,132
S1453,110
S1453,130
S1453,124
S1454,118
S1454,110
S1454,111
S1455,128
S1456,136
S1457,103
S1457,127
S1457,139
S1458,139
S1458,135
S1459,115
S1459,134
S1459,128
S1459,118
S1460,104
S1461,131
S1461,109
S1461,120
S1461,127
S1462,113
S1462,138
S1462,103
S1462,116
S1463,106
S1463,117
S1464,104
S1464,113
S1465,135
S1466,137
S1466,116
S1467,102
S1467,106
S1468,108
S1469,117
S1469,102
S1469,126
S1469,123
S1469,133
S1470,121
S1470,122
S1470,134
S1470,132
S1470,124
S1471,119
S1471,123
S1472,137
S1472,126
S1473,122
S1474,118
S1475,127
S1475,139
S1476,117
S1476,123
S1476,130
S1476,134
S1477,121
S1477,105
S1478,137
S1478,135
S1478,113
S1478,133
S1479,106
S1479,116
S1479,122
S1479,123
S1480,128
S1480,140
S1480,116
S1480,114
S1481,137
S1481,123
S1481,135
S1481,128
S1481,117
S1482,130
S1483,110
S1483,121
S1483,125
S1483,103
S1483,108
S1484,140
S1484,138
S1484,108
S1484,128
S1484,109
S1485,128
S1485,139
S1485,120
S1486,127
S1486,111
S1486,138
S1486,113
S1487,135
S1487,119
S1487,109
S1487,128
S1488,124
S1488,108
S1488,132
S1488,138
S1488,130
S1489,128
S1489,131
S1490,139
S1490,104
S1490,106
S1490,101
S1490,109
S1491,105
S1491,139
S1491,104
S1491,140
S1492,109
S1492,101
S1492,113
S1493,130
S1493,111
S1493,107
S1493,109
S1493,108
S1494,141
S1494,105
S1494,137
S1495,141
S1496,123
S1496,125
S1496,111
S1497,118
S1497,127
S1497,112
S1498,103
S1498,107
S1499,122
S1499,128
S1499,127
S1499,114
S1500,139
S1500,114
S1501,103
S1501,134
S1501,110
S1502,113
S1502,109
S1502,125
S1503,121
S1503,116
S1504,106
S1504,118
S1504,101
S1504,116
S1504,104
S1505,121
S1505,139
S1505,134
S1505,119
S1506,118
S1507,104
S1507,110
S1508,134
S1508,120
S1508,113
S1509,104
S1509,132
S1509,118
S1510,101
S1510,139
S1510,114
S1511,112
S1511,133
S1512,138
S1513,139
S1513,130
S1513,102
S1513,109
S1513,117
S1514,101
S1514,120
S1514,113
S1515,102
S1516,101
S1516,130
S1516,131
S1516,107
S1516,136
S1517,116
S1517,122
S1518,109
S1518,132
S1519,141
S1519,115
S1519,132
S1519,128
S1520,122
S1520,117
S1520,129
S1521,105
S1521,129
S1521,109
S1521,123
S1522,115
S1522,122
S1522,121
S1522,120
S1523,107
S1523,119
S1523,130
S1523,112
S1523,125
S1524,128
S1524,107
S1524,122
S1524,116
S1525,114
S1525,137
S1525,109
S1525,139
S1525,118
S1526,130
S1526,104
S1527,105
S1527,123
S1528,107
S1529,117
S1529,115
S1530,137
S1530,104
S1531,111
S1531,131
S1531,140
S1531,135
S1532,122
S1532,133
S1532,112
S1532,119
S1532,129
S1533,113
S1533,114
S1533,137
S1533,105
S1534,139
S1534,103
S1535,129
S1535,108
S1536,108
S1536,110
S1536,129
S1536,123
S1536,139
S1537,137
S1537,124
S1538,130
S1538,106
S1538,119
S1539,106
S1539,127
S1540,112
S1540,103
S1541,121
S1541,139
S1541,106
S1541,103
S1542,118
S1543,113
S1543,126
S1543,117
S1544,126
S1544,118
S1545,117
S1545,114
S1545,111
S1546,127
S1546,138
S1546,106
S1546,117
S1546,110
S1547,101
S1547,141
S1548,130
S1549,111
S1549,129
S1550,133
S1550,116
S1550,121
S1550,111
S1551,133
S1551,104
S1551,141
S1551,129
S1552,121
S1552,131
S1552,107
S1552,104
S1552,139
S1553,113
S1553,135
S1554,114
S1554,103
S1554,101
S1555,138
S1556,104
S1557,114
S1557,141
S1557,109
S1557,122
S1558,128
S1558,131
S1558,129
S1558,122
S1558,119
S1559,124
S1559,136
S1559,127
S1559,108
S1560,111
S1560,136
S1560,120
S1560,130
S1561,116
S1562,118
S1562,127
S1562,141
S1563,115
S1563,112
S1564,125
S1564,123
S1564,127
S1565,119
S1565,105
S1565,122
S1565,127
S1565,113
S1566,108
S1566,130
S1566,121
S1567,114
S1567,121
S1567,105
S1567,133
S1568,107
S1568,132
S1568,126
S1569,125
S1569,123
S1569,137
S1569,124
S1569,138
S1570,121
S1570,127
S1570,101
S1570,103
S1571,115
S1571,129
S1572,110
S1572,112
S1572,137
S1573,118
S1573,134
S1573,117
S1573,141
S1574,106
S1574,101
S1575,111
S1575,112
S1575,109
S1575,121
S1575,106
S1576,122
S1576,123
S1576,131
S1577,141
S1577,124
S1577,113
S1577,130
S1577,109
S1578,132
S1578,126
S1579,103
S1579,118
S1579,105
S1579,119
S1580,128
S1580,120
S1581,104
S1581,112
S1582,131
S1582,103
S1582,135
S1582,105
S1582,115
S1583,110
S1583,112
S1583,138
S1583,136
S1584,108
S1584,102
S1585,113
S1585,124
S1585,141
S1585,110
S1585,120
S1586,139
S1586,110
S1587,139
S1587,141
S1588,103
S1588,106
S1588,120
S1589,126
S1589,109
S1589,136
S1589,117
S1589,102
S1590,128
S1590,138
S1590,122
S1590,113
S1591,104
S1591,135
S1591,130
S1591,114
S1591,119
S1592,126
S1592,130
S1592,140
S1592,102
S1593,129
S1594,110
S1594,120
S1594,126
S1594,128
S1594,125
S1595,120
S1595,136
S1595,115
S1595,128
S1595,101
S1596,141
S1596,120
S1596,114
S1596,134
S1596,127
S1597,111
S1597,123
S1597,102
S1597,134
S1597,121
S1598,138
S1598,112
S1598,122
S1599,111
S1599,137
S1599,131
S1599,112
S1600,125
S1600,137
S1600,110
S1600,114
S1601,121
S1601,129
S1602,132
S1602,116
S1603,127
S1603,135
S1603,139
S1604,131
S1604,104
S1605,130
S1605,112
S1605,113
S1606,117
S1606,141
S1607,128
S1607,127
S1607,126
S1608,103
S1609,107
S1609,120
S1609,139
S1610,106
S1610,135
S1610,104
S1610,125
S1611,126
S1611,111
S1611,133
S1611,136
S1611,125
S1612,134
S1612,131
S1612,140
S1612,111
S1612,118
S1613,139
S1613,117
S1613,102
S1614,140
S1614,124
S1615,134
S1616,140
S1616,121
S1616,127
S1616,106
S1617,120
S1617,118
S1618,136
S1619,115
S1619,116
S1619,107
S1619,135
S1619,102
S1620,126
S1621,113
S1621,118
S1621,131
S1621,127
S1621,138
S1622,109
S1623,132
S1623,139
S1624,141
S1624,140
S1625,101
S1625,106
S1625,111
S1625,102
S1625,105
S1626,114
S1626,107
S1626,133
S1626,124
S1627,102
S1627,101
S1628,116
S1628,138
S1629,124
S1630,114
S1630,105
S1631,116
S1631,126
S1632,105
S1632,119
S1633,138
S1634,112
S1634,106
S1634,111
S1634,132
S1634,103
S1635,116
S1635,108
S1636,139
S1636,128
S1636,131
S1636,112
S1636,103
S1637,112
S1638,123
S1638,139
S1638,102
S1638,116
S1638,107
S1639,132
S1639,141
S1639,121
S1639,126
S1640,101
S1640,107
S1640,138
S1640,141
S1640,106
S1641,125
S1641,122
S1641,114
S1641,112
S1642,120
S1642,134
S1642,116
S1643,114
S1643,133
S1643,131
S1644,124
S1645,121
S1646,132
S1646,120
S1646,128
S1647,108
S1647,130
S1647,141
S1647,104
S1647,136
S1648,101
S1648,109
S1648,131
S1648,110
S1649,112
S1649,103
S1649,117
S1649,104
S1649,140
S1650,134
S1650,101
S1651,113
S1651,119
S1651,141
S1651,137
S1651,108
S1652,114
S1652,111
S1653,125
S1654,102
S1655,139
S1655,114
S1655,112
S1656,105
S1656,135
S1656,115
S1657,123
S1657,112
S1658,125
S1658,111
S1658,124
S1658,110
S1659,111
S1660,115
S1661,107
S1662,130
S1662,137
S1662,123
S1662,119
S1663,134
S1663,114
S1664,125
S1664,132
S1665,107
S1666,126
S1667,133
S1667,108
S1667,128
S1667,130
S1668,127
S1668,109
S1668,139
S1668,101
S1668,112
S1669,107
S1669,122
S1669,113
S1670,126
S1670,117
S1670,111
S1670,128
S1670,129
S1671,102
S1671,111
S1672,103
S1672,140
S1673,120
S1673,106
S1673,131
S1673,122
S1673,114
S1674,119
S1675,124
S1676,105
S1676,139
S1677,118
S1677,105
S1677,104
S1677,122
S1677,102
S1678,121
S1678,101
S1678,134
S1678,117
S1679,121
S1679,111
S1679,136
S1679,119
S1679,127
S1680,129
S1680,104
S1680,115
S1680,132
S1681,117
S1681,128
S1681,129
S1681,140
S1681,132
S1682,101
S1683,115
S1683,102
S1683,129
S1683,126
S1683,118
S1684,103
S1684,122
S1684,133
S1685,121
S1685,101
S1686,132
S1687,129
S1687,111
S1688,139
S1688,129
S1688,116
S1688,109
S1689,112
S1689,137
S1689,102
S1689,108
S1689,136
S1690,109
S1690,101
S1691,107
S1691,106
S1691,111
S1692,113
S1693,102
S1693,128
S1693,113
S1694,135
S1694,102
S1694,105
S1694,140
S1695,103
S1695,124
S1695,102
S1695,112
S1695,120
S1696,126
S1697,105
S1697,131
S1697,141
S1698,131
S1698,105
S1698,106
S1699,104
S1699,126
S1699,118
S1699,135
S1700,129
S1700,137
S1700,128
S1701,136
S1701,126
S1701,113
S1701,141
S1701,106
S1702,117
S1702,104
S1703,139
S1703,102
S1703,120
S1703,141
S1704,135
S1704,106
S1704,116
S1705,134
S1705,108
S1705,137
S1705,104
S1705,107
S1706,122
S1706,127
S1706,132
S1707,130
S1707,129
S1707,127
S1707,105
S1708,122
S1708,109
S1708,118
S1708,137
S1708,126
S1709,107
S1710,103
S1710,137
S1710,110
S1710,107
S1711,128
S1711,120
S1711,122
S1711,105
S1712,130
S1712,103
S1712,109
S1712,110
S1713,136
S1713,101
S1714,123
S1714,115
S1714,120
S1715,133
S1715,111
S1715,129
S1715,130
S1716,121
S1716,113
S1717,104
S1717,140
S1718,141
S1718,138
S1718,112
S1719,118
S1719,134
S1719,137
S1719,136
S1719,131
S1720,124
S1720,133
S1721,112
S1721,130
S1721,111
S1721,140
S1722,113
S1722,114
S1722,141
S1722,122
S1722,131
S1723,111
S1724,102
S1724,140
S1724,116
S1725,133
S1725,126
S1725,128
S1725,113
S1725,139
S1726,120
S1726,125
S1726,119
S1726,135
S1726,118
S1727,130
S1727,116
S1728,136
S1728,115
S1728,121
S1728,126
S1728,123
S1729,116
S1729,139
S1730,136
S1731,127
S1731,130
S1731,126
S1731,111
S1731,110
S1732,116
S1732,122
S1732,115
S1732,120
S1733,125
S1734,104
S1734,107
S1735,128
S1735,113
S1735,116
S1735,118
S1736,108
S1737,109
S1737,106
S1737,124
S1738,113
S1738,117
S1738,122
S1738,112
S1739,114
S1739,126
S1739,111
S1739,134
S1740,127
S1740,112
S1740,114
S1740,113
S1740,124
S1741,103
S1741,119
S1741,118
S1741,124
S1742,108
S1742,120
S1742,114
S1743,119
S1743,110
S1743,106
S1744,107
S1745,122
S1745,117
S1745,137
S1745,119
S1746,122
S1746,131
S1746,119
S1746,111
S1746,106
S1747,135
S1747,120
S1747,112
S1747,141
S1747,125
S1748,133
S1748,108
S1749,105
S1749,111
S1749,140
S1750,108
S1751,118
S1751,132
S1751,140
S1751,112
S1752,125
S1752,119
S1752,112
S1753,139
S1753,133
S1753,129
S1753,112
S1753,117
S1754,114
S1754,121
S1754,140
S1754,134
S1755,124
S1755,137
S1755,108
S1755,116
S1756,104
S1757,121
S1757,108
S1757,117
S1757,124
S1758,134
S1759,118
S1759,131
S1760,112
S1760,116
S1760,104
S1760,122
S1760,130
S1761,111
S1761,117
S1761,121
S1761,113
S1761,105
S1762,133
S1763,109
S1764,126
S1764,120
S1764,116
S1765,135
S1765,141
S1765,125
S1765,111
S1766,114
S1766,104
S1766,141
S1767,118
S1768,101
S1768,128
S1768,127
S1768,138
S1769,108
S1769,102
S1769,125
S1769,139
S1770,116
S1770,129
S1770,120
S1770,139
S1771,110
S1772,134
S1773,139
S1773,141
S1773,103
S1773,125
S1774,101
S1774,128
S1774,105
S1775,129
S1775,106
S1775,123
S1776,101
S1776,107
S1776,111
S1776,121
S1776,109
S1777,106
S1777,127
S1778,101
S1779,104
S1779,112
S1779,131
S1780,136
S1780,140
S1781,127
S1781,133
S1781,115
S1781,141
S1781,109
S1782,112
S1783,136
S1784,106
S1784,117
S1784,140
S1784,136
S1785,110
S1785,124
S1785,103
S1786,140
S1786,126
S1786,125
S1786,139
S1787,133
S1787,117
S1787,111
S1787,103
S1788,105
S1789,106
S1789,118
S1789,109
S1790,126
S1790,101
S1790,131
S1791,132
S1791,111
S1792,135
S1792,128
S1793,123
S1794,124
S1794,111
S1794,134
S1794,121
S1794,139
S1795,118
S1795,130
S1795,121
S1795,131
S1795,128
S1796,132
S1796,139
S1797,111
S1797,138
S1797,115
S1797,102
S1797,122
S1798,132
S1798,131
S1798,137
S1799,139
S1799,135
S1799,114
S1799,125
S1800,128
S1800,102
S1800,131
S1800,120
S1801,103
S1802,138
S1802,114
S1802,139
S1803,135
S1803,107
S1803,121
S1804,118
S1805,137
S1805,104
S1806,122
S1806,128
S1807,109
S1808,123
S1808,136
S1808,141
S1808,127
S1808,140
S1809,128
S1809,101
S1809,140
S1809,127
S1810,123
S1810,120
S1811,126
S1811,102
S1811,132
S1811,121
S1812,111
S1813,104
S1814,133
S1815,109
S1815,125
S1815,111
S1816,125
S1816,120
S1817,107
S1817,134
S1817,102
S1818,118
S1818,123
S1819,119
S1819,104
S1819,133
S1819,123
S1819,139
S1820,121
S1820,126
S1821,116
S1821,122
S1821,111
S1822,116
S1822,131
S1822,130
S1823,122
S1823,103
S1823,129
S1823,127
S1823,124
S1824,130
S1824,115
S1824,132
S1825,136
S1825,123
S1825,110
S1826,105
S1826,111
S1826,122
S1827,119
S1827,127
S1827,130
S1827,138
S1827,141
S1828,106
S1829,121
S1829,111
S1829,131
S1829,138
S1830,140
S1830,118
S1831,128
S1831,121
S1831,111
S1831,114
S1831,140
S1832,132
S1832,117
S1832,138
S1832,137
S1833,104
S1833,110
S1833,115
S1833,134
S1833,122
S1834,103
S1834,129
S1834,101
S1835,136
S1836,106
S1836,122
S1836,137
S1837,109
S1838,110
S1838,127
S1838,137
S1839,131
S1839,121
S1839,115
S1840,122
S1840,105
S1840,113
S1840,139
S1840,131
S1841,116
S1841,122
S1841,111
S1841,140
S1842,127
S1842,105
S1842,120
S1843,128
S1843,111
S1844,118
S1845,133
S1846,110
S1846,102
S1846,126
S1847,114
S1847,117
S1848,105
S1848,134
S1848,139
S1848,132
S1849,132
S1849,113
S1849,129
S1849,110
S1849,134
S1850,125
S1850,123
S1851,113
S1851,114
S1851,133
S1851,103
S1851,119
S1852,140
S1853,131
S1854,125
S1855,116
S1856,115
S1856,104
S1857,124
S1857,119
S1857,106
S1857,134
S1857,120
S1858,127
S1858,128
S1859,112
S1860,141
S1861,113
S1861,106
S1861,115
S1861,131
S1861,136
S1862,104
S1862,111
S1862,105
S1862,103
S1862,138
S1863,127
S1863,132
S1864,132
S1864,130
S1864,116
S1864,127
S1865,130
S1865,125
S1865,120
S1866,123
S1866,120
S1866,122
S1867,104
S1867,114
S1867,117
S1867,133
S1867,108
S1868,122
S1868,117
S1868,113
S1868,123
S1868,108
S1869,104
S1870,125
S1870,140
S1871,137
S1871,121
S1872,114
S1872,116
S1872,104
S1873,140
S1873,109
S1873,113
S1873,116
S1873,106
S1874,124
S1874,105
S1875,134
S1875,121
S1875,122
S1876,130
S1877,110
S1878,117
S1878,102
S1878,128
S1878,109
S1879,101
S1879,125
S1879,129
S1879,119
S1880,121
S1881,120
S1882,133
S1882,131
S1882,128
S1883,107
S1883,127
S1884,136
S1884,116
S1884,117
S1885,130
S1885,138
S1886,116
S1886,104
S1886,112
S1886,138
S1887,104
S1887,128
S1887,137
S1888,131
S1888,111
S1888,123
S1889,103
S1889,111
S1890,124
S1890,133
S1891,114
S1891,130
S1891,108
S1891,111
S1891,124
S1892,112
S1892,135
S1892,117
S1892,134
S1892,136
S1893,106
S1893,138
S1893,120
S1893,139
S1893,123
S1894,125
S1895,140
S1895,138
S1895,105
S1896,118
S1896,121
S1896,126
S1896,119
S1896,120
S1897,117
S1897,121
S1897,110
S1897,116
S1898,101
S1898,102
S1898,117
S1898,105
S1898,124
S1899,120
S1899,110
S1900,125
S1900,132
S1900,135
S1900,124
S1900,122
S1901,132
S1901,101
S1901,105
S1902,138
S1902,131
S1902,132
S1902,139
S1902,123
S1903,108
S1904,125
S1904,129
S1904,103
S1905,115
S1905,128
S1905,132
S1905,110
S1905,122
S1906,109
S1907,102
S1907,104
S1907,120
S1907,105
S1907,130
S1908,103
S1908,141
S1908,132
S1908,116
S1909,128
S1909,103
S1909,116
S1910,127
S1911,115
S1912,101
S1912,132
S1912,138
S1913,109
S1913,106
S1913,125
S1913,118
S1913,123
S1914,121
S1914,112
S1914,132
S1914,123
S1915,112
S1915,133
S1915,113
S1916,136
S1916,126
S1917,133
S1917,122
S1917,106
S1917,123
S1918,128
S1919,134
S1919,133
S1919,105
S1919,123
S1920,130
S1920,108
S1920,121
S1921,127
S1921,106
S1921,136
S1922,120
S1922,103
S1922,137
S1922,116
S1922,127
S1923,125
S1923,117
S1924,141
S1924,101
S1924,122
S1924,137
S1925,121
S1925,108
S1925,127
S1926,105
S1927,114
S1927,138
S1928,127
S1928,113
S1928,112
S1929,117
S1929,124
S1930,133
S1931,124
S1931,126
S1932,126
S1932,105
S1932,138
S1932,109
S1932,106
S1933,128
S1933,137
S1934,120
S1934,136
S1934,125
S1934,138
S1935,136
S1935,120
S1935,134
S1935,131
S1936,133
S1936,141
S1936,139
S1936,127
S1936,113
S1937,137
S1938,115
S1938,104
S1938,123
S1938,111
S1939,141
S1939,104
S1939,117
S1939,114
S1940,137
S1940,112
S1940,123
S1940,106
S1941,117
S1941,109
S1941,116
S1941,101
S1942,109
S1943,119
S1943,126
S1943,138
S1943,101
S1944,132
S1945,114
S1945,107
S1945,139
S1945,106
S1946,133
S1946,128
S1946,116
S1946,130
S1946,102
S1947,124
S1947,123
S1947,115
S1947,125
S1947,101
S1948,110
S1948,112
S1948,113
S1948,101
S1949,113
S1949,123
S1949,127
S1949,131
S1950,123
S1950,132
S1951,124
S1951,126
S1951,140
S1951,119
S1952,139
S1952,134
S1953,105
S1953,101
S1953,120
S1954,103
S1955,111
S1955,131
S1956,102
S1956,114
S1957,120
S1957,134
S1958,129
S1958,120
S1959,114
S1959,121
S1959,109
S1959,115
S1960,127
S1960,106
S1960,108
S1961,133
S1961,110
S1961,101
S1961,116
S1961,135
S1962,128
S1963,122
S1963,133
S1963,127
S1963,109
S1963,105
S1964,122
S1964,113
S1964,105
S1964,107
S1964,111
S1965,106
S1965,130
S1965,132
S1965,139
S1965,102
S1966,141
S1966,126
S1967,125
S1967,126
S1967,115
S1967,140
S1968,131
S1968,112
S1968,133
S1969,116
S1970,127
S1970,121
S1971,133
S1971,118
S1971,122
S1971,101
S1971,113
S1972,132
S1972,140
S1973,112
S1974,118
S1974,102
S1974,115
S1974,132
S1974,124
S1975,123
S1975,141
S1976,107
S1976,113
S1977,117
S1977,122
S1978,129
S1978,122
S1979,129
S1979,107
S1979,138
S1979,141
S1980,104
S1980,116
S1980,124
S1981,133
S1981,130
S1981,136
S1981,104
S1982,105
S1982,109
S1982,126
S1982,122
S1983,119
S1983,140
S1984,135
S1984,139
S1984,105
S1985,123
S1985,111
S1985,139
S1985,133
S1985,116
S1986,133
S1986,111
S1986,101
S1986,105
S1986,121
S1987,118
S1988,130
S1988,129
S1988,132
S1988,127
S1988,118
S1989,106
S1989,116
S1989,126
S1989,127
S1989,123
S1990,127
S1990,123
S1990,109
S1990,133
S1991,109
S1991,125
S1992,137
S1993,118
S1993,137
S1993,102
S1994,137
S1994,120
S1995,117
S1995,138
S1995,119
S1995,113
S1995,121
S1996,131
S1996,127
S1996,126
S1996,105
S1997,135
S1997,128
S1998,141
S1998,122
S1998,102
S1999,138
S2000,124
